"word","F","M"
"000",39,92
"10",444,631
"100",57,106
"100%",92,159
"11",137,206
"12",218,304
"13",104,137
"14",89,130
"15",184,296
"16",91,126
"17",72,95
"18",132,193
"19",89,108
"1st",32,70
"20",219,351
"2008",29,96
"2009",53,95
"2010",87,164
"2011",101,160
"2012",110,154
"21",107,128
"22",105,142
"23",97,152
"24",116,171
"25",120,180
"26",56,118
"27",49,111
"28",53,86
"30",166,271
"3rd",38,69
"40",73,129
"420",31,78
"49ers",51,107
"50",92,123
"500",29,151
"80's",48,89
"a's",63,64
"ability",260,300
"able",784,1010
"about",10146,14200
"above",318,478
"abroad",320,317
"absolute",67,75
"absolutely",504,422
"absurd",65,135
"academic",69,109
"academy",43,114
"accent",132,221
"accept",132,183
"accepting",113,112
"access",60,69
"accomplish",54,67
"accomplished",74,121
"according",104,119
"account",91,127
"accurate",90,141
"achieve",74,134
"across",339,579
"act",193,341
"acting",83,123
"action",134,173
"actions",70,135
"active",1599,2018
"actively",77,122
"activist",75,85
"activities",784,1120
"activity",261,354
"actor",36,88
"acts",45,67
"actual",85,151
"actually",912,1430
"ad",43,78
"add",283,385
"addict",67,62
"addicted",140,156
"addiction",67,83
"adding",51,58
"addition",85,137
"adjectives",62,107
"admire",123,121
"admit",270,364
"adopted",49,67
"adorable",93,63
"adore",324,138
"adrenaline",67,84
"adult",226,238
"adults",63,62
"advantage",156,175
"adventure",1316,1324
"adventurer",74,112
"adventures",1235,1133
"adventuring",49,61
"adventurous",1105,1076
"advertising",52,85
"advice",93,112
"advocate",58,52
"affairs",34,72
"affection",127,144
"affectionate",441,372
"affinity",48,54
"afraid",507,623
"africa",218,209
"african",53,59
"after",1906,2989
"afternoon",135,135
"again",733,1032
"against",153,272
"age",509,725
"ages",67,65
"aggressive",48,59
"ago",1289,1913
"agree",130,182
"ah",47,69
"ahead",101,192
"aim",44,80
"ain't",46,95
"air",201,267
"alameda",28,77
"alaska",63,99
"alcohol",66,117
"alive",179,245
"all",8224,11732
"allergic",104,84
"allow",84,170
"allowed",53,90
"allows",123,139
"almost",1037,1433
"alone",504,539
"along",1089,1680
"alot",147,306
"already",326,526
"alright",48,116
"also",7257,9166
"alternative",79,143
"although",963,1150
"alto",52,150
"always",4375,6125
"am",28153,31330
"am:",45,77
"amateur",44,97
"amazed",47,54
"amazing",1195,1196
"ambition",80,112
"ambitious",336,556
"america",298,424
"american",315,491
"among",153,241
"amongst",43,66
"amount",253,365
"amounts",46,64
"amused",84,79
"amusing",55,93
"an",9320,13620
"analytical",132,162
"ancient",46,99
"and",111009,141503
"angeles",123,212
"angry",48,102
"animal",255,205
"animals",686,479
"animation",30,86
"anime",58,137
"annoying",80,67
"another",775,1202
"answer",219,305
"answered",43,72
"answering",55,64
"answers",83,168
"any",2188,3437
"anybody",61,100
"anymore",167,232
"anyone",738,1014
"anything",2574,3845
"anytime",87,112
"anyway",249,402
"anyways",65,134
"anywhere",316,356
"apart",76,136
"apartment",142,187
"apologize",49,60
"apparently",130,204
"appealing",39,67
"appear",47,96
"appearance",49,73
"apple",47,96
"apply",92,130
"appreciate",1256,1162
"appreciated",70,62
"appreciates",128,133
"appreciating",65,50
"appreciation",211,212
"appreciative",55,54
"approach",149,234
"appropriate",66,98
"april",40,65
"architecture",163,228
"are",10292,13257
"are:",78,85
"area",3140,4481
"areas",150,202
"aren't",276,398
"argentina",82,97
"argue",46,89
"arizona",61,89
"arms",65,69
"army",15,109
"around",3352,5218
"arrived",43,93
"arrogant",51,110
"art",2021,2377
"articulate",99,101
"artist",471,697
"artistic",293,396
"artists",81,140
"arts",525,701
"artsy",88,89
"as",13097,18886
"asia",191,303
"asian",167,218
"aside",114,179
"ask",937,1644
"asked",172,264
"asking",110,143
"asleep",52,80
"aspect",69,95
"aspects",120,207
"aspirations",33,75
"aspire",65,71
"aspiring",57,125
"ass",278,394
"assertive",69,55
"asshole",26,94
"assistant",69,44
"assume",68,77
"at",11834,17109
"atheist",45,77
"athlete",61,117
"athletic",324,575
"atlanta",37,87
"attached",53,63
"attempt",126,171
"attempting",57,84
"attend",123,165
"attended",61,107
"attending",136,199
"attention",242,404
"attentive",33,72
"attitude",215,317
"attract",55,57
"attracted",337,399
"attraction",117,179
"attractive",305,364
"august",90,126
"austin",56,102
"australia",171,242
"authentic",126,144
"authenticity",48,62
"available",140,213
"average",169,364
"avid",199,258
"avoid",113,235
"aware",212,242
"awareness",80,81
"away",827,1247
"awe",53,63
"awesome",912,1467
"awful",51,91
"awhile",131,139
"awkward",279,318
"ba",71,99
"babies",67,43
"baby",194,179
"back",3463,5593
"background",129,220
"backpack",59,72
"backpacking",211,336
"backyard",83,62
"bacon",58,79
"bad",768,1235
"bag",64,95
"baggage",95,93
"bake",142,69
"baking",244,119
"balance",578,717
"balanced",204,230
"ball",154,207
"ballet",135,91
"ballroom",48,57
"balls",45,60
"band",188,377
"bands",118,271
"banter",170,129
"bar",489,747
"barbara",54,81
"barcelona",45,66
"barely",48,64
"bars",473,713
"bart",45,67
"base",45,89
"baseball",382,510
"based",166,282
"basic",73,159
"basically",335,516
"basics",46,78
"basis",180,216
"basketball",190,547
"bass",56,174
"bay",3701,5154
"bbq",59,120
"be",15347,20474
"beach",1239,1327
"beaches",170,217
"bear",79,170
"beard",8,104
"bears",60,63
"beat",175,233
"beaten",35,67
"beats",57,106
"beautiful",1098,1056
"beauty",500,525
"became",111,199
"because",2699,3831
"become",535,808
"becomes",38,95
"becoming",147,235
"bed",296,310
"bedroom",48,80
"been",5154,8050
"beer",612,902
"beers",77,144
"before",1089,1787
"began",39,74
"begin",133,194
"beginning",123,185
"behavior",55,94
"behind",180,295
"being",5548,6402
"beings",75,73
"belief",53,93
"beliefs",123,176
"believe",2099,2603
"believer",142,137
"believes",94,128
"belly",77,42
"belong",52,52
"below",112,197
"benefit",42,71
"benefits",53,73
"berkeley",425,837
"besides",160,216
"best",2442,3156
"bet",42,79
"better",1624,2545
"between",752,1187
"beyond",222,306
"bi",64,64
"bicycle",113,208
"bicycles",29,89
"bicycling",32,84
"big",2012,2851
"bigger",80,121
"biggest",148,216
"bike",894,1255
"bikes",106,214
"biking",548,966
"bill",38,66
"bills",43,84
"biology",88,114
"bird",48,64
"birds",71,62
"birth",51,73
"birthday",95,78
"bisexual",76,45
"bit",2190,2995
"bite",82,131
"bits",54,51
"black",323,450
"blah",200,395
"blast",71,119
"blend",58,68
"blessed",202,192
"block",46,71
"blog",58,106
"blonde",86,26
"blood",94,125
"blow",45,67
"blue",202,294
"blues",81,124
"blunt",137,114
"board",319,416
"boarding",58,111
"boat",100,157
"boating",39,64
"bodies",55,66
"body",618,710
"bold",65,56
"bonus",131,192
"book",885,934
"books",809,979
"boots",111,57
"bored",201,315
"boring",221,395
"born",1391,2422
"boss",39,66
"boston",301,462
"both",1483,1986
"bother",110,119
"bottle",135,175
"bottom",69,115
"bought",76,169
"boundaries",66,88
"bourbon",55,64
"bowl",49,67
"bowling",101,117
"box",224,339
"boxes",69,97
"boxing",43,74
"boy",207,646
"boyfriend",114,109
"boys",235,168
"brain",215,278
"brains",63,66
"brand",50,69
"brave",62,50
"brazil",119,123
"brazilian",41,61
"bread",66,84
"break",216,336
"breakfast",99,137
"breaking",64,92
"breath",89,108
"bridge",89,122
"brief",87,152
"bright",181,192
"brilliant",77,121
"bring",384,506
"bringing",63,84
"brings",161,207
"british",99,147
"broad",63,98
"broke",51,75
"broken",88,131
"brooklyn",82,90
"brother",107,232
"brothers",109,114
"brought",109,192
"brown",103,165
"brunch",150,90
"bs",74,114
"bubble",56,59
"bucket",55,53
"buddhism",48,55
"buddhist",59,74
"buddies",30,114
"buddy",74,122
"buff",37,93
"bug",72,67
"build",241,492
"building",253,495
"buildings",36,77
"built",72,223
"bullshit",80,119
"bunch",166,294
"burn",61,82
"burning",150,219
"bus",87,118
"business",475,1014
"busy",653,743
"but",20602,27499
"butt",58,71
"butterfly",69,43
"button",34,80
"buy",184,273
"buying",67,83
"by",4170,6015
"ca",287,476
"cafe",84,119
"cafes",66,80
"cake",68,78
"cal",180,265
"cali",118,155
"california",1348,1727
"californian",99,108
"call",652,986
"called",295,529
"calling",79,134
"calls",113,136
"calm",125,245
"came",436,723
"camera",100,150
"camp",179,209
"camping",991,1112
"can",9880,13459
"can't",1558,1949
"canada",115,210
"canadian",39,77
"cancer",68,79
"candy",60,58
"cannot",198,215
"cant",92,173
"capable",104,160
"capacity",64,74
"car",550,759
"card",101,169
"cards",84,106
"care",1271,1541
"career",760,1206
"carefree",55,80
"cares",91,104
"caring",923,908
"carolina",56,74
"carry",142,202
"cars",168,448
"cartoons",44,76
"case",210,302
"casual",246,313
"cat",319,301
"catch",247,327
"catching",110,126
"category",39,66
"catholic",55,80
"cats",368,330
"caught",95,146
"cause",197,332
"causes",56,62
"center",136,181
"centered",46,55
"central",133,197
"century",52,92
"certain",210,342
"certainly",169,244
"certified",39,65
"challenge",434,458
"challenged",96,114
"challenges",195,234
"challenging",207,201
"chance",280,619
"chances",75,117
"change",731,959
"changed",127,185
"changes",99,142
"changing",148,195
"chaos",44,66
"chapter",68,77
"character",169,297
"characteristics",49,67
"characters",58,88
"charismatic",42,79
"charm",75,89
"charming",182,264
"chase",41,64
"chat",136,319
"chatting",74,113
"cheap",99,106
"check",312,523
"checking",252,317
"cheerful",82,67
"cheers",35,77
"cheese",198,178
"cheesy",81,105
"chef",97,187
"chemistry",405,432
"cherish",128,105
"chess",24,81
"chicago",276,444
"chick",149,42
"chicken",67,80
"child",334,336
"childhood",119,184
"children",634,502
"chile",41,60
"chill",347,740
"chilling",62,119
"china",122,228
"chinese",123,235
"chivalry",83,114
"chocolate",302,197
"choice",167,242
"choices",104,120
"choose",236,246
"chose",53,62
"chosen",51,66
"christian",99,88
"christmas",76,64
"church",110,99
"cinema",21,89
"circle",180,238
"circles",49,70
"circumstances",49,64
"cities",277,370
"citizen",26,79
"city",3237,4275
"claim",60,83
"class",300,379
"class=",760,1377
"class=""ilink""",5991,11709
"class=""plink""",193,219
"classes",222,238
"classic",127,193
"classical",135,219
"classy",87,96
"clean",231,322
"clear",173,227
"clearly",68,100
"clever",148,216
"cliche",73,111
"click",86,158
"climb",126,246
"climbing",399,725
"close",1024,1191
"closed",41,60
"closer",123,130
"closest",103,118
"closet",52,80
"clothes",163,165
"clothing",77,90
"clouds",67,57
"club",234,387
"clubbing",45,88
"clubs",184,313
"clumsy",72,31
"coach",43,106
"coast",1252,1477
"coaster",65,74
"cocktail",92,76
"cocktails",81,93
"code",41,94
"coffee",941,1112
"cold",278,351
"collect",71,99
"collecting",56,73
"collection",90,140
"college",1364,2219
"color",250,199
"colorado",108,164
"colorful",51,62
"colors",97,78
"com",381,1048
"combination",126,142
"come",1317,1974
"comedies",46,61
"comedy",247,457
"comes",811,1193
"comfort",190,228
"comfortable",880,959
"comic",84,146
"comics",49,124
"coming",252,404
"commitment",127,138
"committed",265,253
"common",229,328
"communicate",133,140
"communication",370,404
"communicative",78,61
"communicator",86,87
"communities",69,54
"community",555,528
"commute",49,93
"companies",31,108
"companion",183,181
"companionship",115,84
"company",791,1521
"compassion",225,200
"compassionate",581,472
"compatible",71,101
"competition",47,62
"competitive",150,267
"complete",252,325
"completed",73,81
"completely",323,479
"complex",171,264
"complicated",128,183
"compliment",79,76
"computer",222,777
"computers",49,270
"concept",59,95
"concerned",61,82
"concert",123,154
"concerts",496,553
"confidence",137,187
"confident",574,699
"confused",65,103
"connect",303,326
"connected",110,131
"connecting",128,109
"connection",503,509
"connections",192,213
"conscious",139,171
"consciousness",64,82
"conservative",80,114
"consider",851,1198
"considerate",174,249
"considered",122,158
"considering",76,66
"constant",136,177
"constantly",382,528
"construction",37,155
"consultant",42,97
"contact",179,274
"contemplative",43,60
"content",212,233
"context",44,74
"continents",75,109
"continually",52,50
"continue",243,268
"contradiction",61,51
"contradictions",67,84
"control",120,203
"conversation",1169,1610
"conversationalist",47,70
"conversations",547,732
"convince",44,64
"convinced",79,102
"cook",1171,1425
"cooked",64,58
"cookies",72,72
"cooking",1424,1536
"cool",757,1576
"coolest",39,66
"core",129,140
"corner",79,127
"corny",61,63
"corporate",76,133
"correct",52,84
"costa",97,113
"costume",73,53
"costumes",75,46
"couch",220,263
"could",1547,2241
"couldn't",176,289
"count",128,193
"countries",379,557
"country",868,1114
"county",141,208
"couple",571,1012
"courage",59,52
"course",512,760
"cover",80,108
"covered",61,84
"cozy",77,61
"crack",77,132
"craft",73,72
"crafts",77,31
"crafty",83,25
"crap",94,137
"crave",110,75
"crazy",771,838
"cream",166,180
"create",327,416
"created",93,136
"creating",295,338
"creative",1543,1684
"creativity",230,302
"creature",66,58
"creepy",57,57
"crime",194,214
"critical",74,108
"cross",104,131
"crossword",59,48
"crowd",68,114
"crowds",41,69
"cruz",115,201
"cry",149,126
"cuddle",129,160
"cuddling",176,169
"cuisine",60,68
"culinary",76,117
"cultural",204,234
"culturally",38,63
"culture",536,728
"cultured",43,72
"cultures",454,508
"cup",200,260
"cupid",71,137
"curiosity",259,284
"curious",1014,1032
"current",281,434
"currently",1023,1732
"curse",54,56
"curvy",90,20
"cut",121,196
"cute",422,363
"cuz",67,87
"cycling",138,305
"cynical",87,167
"dabble",42,65
"dad",177,340
"daily",358,412
"damn",156,305
"dance",1621,1327
"dancer",214,151
"dancing",1636,1200
"dangerous",31,75
"dare",55,57
"dark",311,410
"data",26,75
"date",603,872
"dated",64,80
"dates",179,293
"dating",1080,1350
"daughter",251,173
"daughters",43,64
"david",44,119
"davis",47,95
"day",2895,3672
"days",1128,1423
"dc",168,229
"de",120,204
"dead",134,173
"deal",295,433
"dear",95,97
"death",98,169
"debate",116,146
"decade",96,113
"decent",143,327
"decide",127,161
"decided",421,662
"decision",88,126
"decisions",78,147
"dedicated",176,224
"deep",636,846
"deeper",95,107
"deeply",357,319
"define",107,161
"definitely",1025,1156
"definition",43,70
"degree",422,754
"degrees",72,151
"delicious",248,214
"delight",65,51
"department",33,76
"dependable",75,158
"depending",105,179
"depends",74,117
"depth",111,125
"describe",856,1076
"described",205,319
"describes",44,75
"describing",88,180
"description",99,146
"desert",93,130
"deserve",70,82
"design",427,717
"designer",178,302
"designing",32,83
"desire",218,356
"desires",59,88
"despite",222,323
"destination",111,123
"destinations",67,76
"detail",35,84
"details",134,209
"determined",116,138
"develop",112,136
"developed",72,107
"developing",75,108
"development",119,190
"devoted",85,97
"did",650,1051
"didn't",394,656
"die",133,205
"died",36,74
"diego",205,286
"diet",61,107
"difference",160,209
"differences",68,89
"different",1406,2072
"difficult",292,418
"dig",138,216
"digital",65,135
"dining",222,251
"dinner",767,738
"dinners",140,135
"direct",233,217
"direction",111,153
"directions",50,54
"director",47,98
"dirt",80,104
"dirty",261,221
"disagree",51,66
"discover",189,286
"discovered",123,199
"discovering",281,290
"discovery",78,87
"discuss",78,119
"discussing",79,135
"discussion",66,99
"discussions",71,103
"dish",76,87
"dishes",102,104
"dislike",160,172
"distance",96,111
"district",38,104
"dive",328,318
"diverse",145,208
"diversity",150,162
"diving",200,256
"divorced",95,145
"dj",43,190
"do",8205,11561
"doctor",69,82
"documentaries",73,77
"documentary",39,69
"does",635,913
"doesn't",1001,1391
"dog",859,732
"dogs",673,539
"doing",1932,2799
"dolores",65,79
"dominant",41,65
"don't",7024,9688
"done",716,1071
"dont",392,674
"door",176,258
"doors",84,187
"dork",128,232
"dorky",127,144
"dose",65,63
"double",68,100
"doubt",91,116
"down",2402,3510
"down-to-earth",199,208
"downtown",77,181
"drag",50,85
"drama",504,548
"draw",152,241
"drawing",156,212
"drawn",209,209
"dream",409,522
"dreamer",126,179
"dreaming",80,64
"dreams",264,386
"dress",330,223
"dressed",154,88
"dresses",92,11
"dressing",128,69
"drink",752,1148
"drinker",47,68
"drinking",441,528
"drinks",272,460
"drive",444,551
"driven",395,625
"driver",48,66
"drives",121,173
"driving",238,383
"drop",153,282
"drove",41,82
"drug",51,75
"drugs",120,204
"drums",50,154
"drunk",78,154
"dry",225,392
"dude",61,336
"dudes",45,56
"due",137,236
"dull",47,64
"dumb",51,114
"during",501,780
"dynamic",64,112
"each",1039,1463
"eager",82,97
"ear",52,82
"early",308,467
"earned",42,66
"ears",47,85
"earth",861,1128
"ease",89,72
"easier",118,175
"easily",632,622
"east",1340,1620
"eastern",79,103
"easy",1540,2493
"easy-going",336,427
"easygoing",190,294
"eat",931,1338
"eating",721,934
"eccentric",79,148
"eclectic",179,247
"economics",31,127
"edge",116,184
"editor",43,62
"educated",267,449
"education",378,386
"effect",43,60
"effort",146,253
"ego",46,74
"eight",43,98
"either",629,989
"el",33,92
"electronic",50,166
"elementary",58,56
"else",1078,1581
"else?",51,76
"elsewhere",57,83
"email",162,216
"emails",55,61
"embrace",132,159
"emotion",41,67
"emotional",220,345
"emotionally",267,320
"emotions",87,108
"empathetic",98,126
"empathy",78,90
"employed",58,158
"empty",83,133
"en",49,124
"encounter",49,53
"end",675,959
"ended",141,307
"ending",56,92
"endless",87,100
"endlessly",45,59
"ends",56,121
"energetic",391,363
"energy",663,702
"enfp",49,66
"engage",89,132
"engaged",118,131
"engaging",122,173
"engineer",73,495
"engineering",70,333
"england",181,284
"english",322,433
"enjoy",7168,9921
"enjoyable",68,107
"enjoyed",173,258
"enjoying",820,1139
"enjoyment",46,84
"enjoys",520,773
"enough",1165,1731
"entertain",89,118
"entertained",80,65
"entertaining",179,221
"entertainment",90,134
"enthusiasm",94,73
"enthusiast",76,145
"enthusiastic",152,167
"entire",176,263
"entirely",101,134
"entrepreneur",49,235
"environment",163,234
"environmental",96,125
"epic",60,89
"equal",135,159
"equally",277,296
"escape",72,126
"especially",1257,1457
"essay",68,85
"essential",109,114
"estate",40,71
"etc",893,1322
"ethnic",77,73
"europe",486,669
"european",91,116
"even",2296,3107
"evening",158,226
"evenings",97,100
"event",144,185
"events",476,621
"eventually",217,332
"ever",1100,1702
"every",1846,2787
"everybody",78,182
"everyday",353,454
"everyone",798,1292
"everything",1542,2437
"everywhere",170,254
"evil",48,108
"evolving",70,69
"ex",48,91
"exactly",183,295
"example",85,181
"excellent",156,203
"except",285,485
"exception",57,59
"exchange",67,109
"excited",612,517
"excitement",99,127
"exciting",293,461
"excuse",107,120
"exercise",276,475
"exercising",61,124
"exist",68,105
"existence",70,151
"exotic",116,131
"expand",125,199
"expanding",71,86
"expect",361,447
"expectations",92,174
"expected",39,71
"expensive",54,82
"experience",933,1320
"experienced",108,174
"experiences",856,1089
"experiencing",248,277
"experiment",57,85
"explain",105,192
"exploration",94,157
"explore",1191,1267
"explored",50,51
"explorer",59,123
"exploring",1561,1625
"express",145,196
"expression",110,141
"expressive",85,53
"extended",73,95
"extensively",58,87
"extra",115,191
"extraordinary",54,56
"extreme",111,122
"extremely",569,609
"extrovert",135,165
"extroverted",106,145
"eye",166,245
"eyes",384,593
"fabulous",161,55
"face",447,608
"facebook",100,235
"faces",79,109
"facial",40,69
"fact",414,620
"facts",136,234
"facts:",47,62
"fail",44,89
"fair",229,327
"fairly",414,653
"fairs",68,33
"faith",129,132
"faithful",45,66
"fake",77,143
"fall",448,506
"fallen",50,51
"falling",96,118
"familiar",50,85
"families",52,60
"family",4100,3490
"fan",825,1257
"fanatic",51,83
"fancy",210,219
"fantastic",211,215
"fantasy",92,168
"far",1122,1626
"farm",91,126
"farmer's",129,56
"farmers",149,75
"fascinated",133,194
"fascinating",114,135
"fashion",319,288
"fashioned",91,91
"fast",269,378
"faster",33,92
"fat",76,119
"father",110,350
"fault",136,195
"favor",46,73
"favorite",1835,1759
"favorites",110,164
"fear",140,199
"feed",78,79
"feel",2655,3400
"feeling",483,587
"feelings",209,298
"feels",337,394
"feet",247,253
"feisty",113,17
"fell",133,162
"fellow",64,149
"felt",129,214
"female",248,207
"feminine",151,80
"feminist",131,63
"femme",130,12
"festival",59,88
"festivals",242,224
"few",1994,3293
"fiction",156,229
"field",254,304
"fields",35,74
"fiercely",112,85
"fight",99,152
"fighter",50,74
"fighting",40,98
"figure",427,634
"figured",123,249
"figuring",112,151
"filipino",34,70
"fill",221,305
"filled",169,212
"filling",118,161
"film",308,640
"films",221,275
"final",30,85
"finally",379,549
"finance",44,112
"financial",74,140
"financially",94,124
"find",3934,5465
"finding",763,995
"finds",64,97
"fine",397,636
"finer",66,81
"fingers",44,75
"finish",125,216
"finished",162,291
"finishing",100,168
"fire",197,325
"firm",143,191
"firmly",53,67
"first",1853,2707
"fish",132,181
"fishing",116,250
"fit",614,916
"fitness",108,217
"fits",47,70
"five",224,371
"fix",111,240
"fixing",27,129
"flea",67,44
"flexible",137,163
"flight",46,69
"flip",86,88
"floor",148,160
"florida",92,184
"flow",169,196
"flowers",194,120
"fluent",54,68
"fly",107,198
"flying",71,149
"focus",182,331
"focused",200,319
"focusing",56,91
"fog",91,104
"folk",55,92
"folks",254,298
"follow",235,382
"followed",95,109
"following",154,216
"fond",89,134
"food",2460,2949
"foodie",200,212
"foods",233,330
"fool",100,140
"foot",121,163
"football",439,535
"for",25082,34864
"for:",70,65
"for?",56,74
"force",100,141
"forced",40,71
"foreign",210,276
"foremost",33,68
"forest",73,105
"forever",158,207
"forget",135,219
"forgive",53,61
"form",226,364
"former",137,230
"forms",166,214
"forth",79,121
"fortunate",229,291
"fortune",44,71
"forward",685,794
"found",644,1050
"foundation",66,64
"four",299,435
"fran",71,93
"france",215,286
"franciscan",101,105
"francisco",2560,4105
"freak",91,138
"free",1165,1783
"freedom",149,172
"freelance",45,76
"french",277,411
"frequent",63,100
"frequently",153,240
"fresh",295,295
"friday",67,114
"friend",1556,1760
"friend's",59,62
"friendly",686,930
"friends",8313,9518
"friendship",355,386
"friendships",255,255
"frisbee",64,148
"from",7563,11741
"front",256,369
"fruit",76,78
"fuck",127,227
"fucking",94,171
"fulfilling",110,102
"full",989,1262
"full-time",63,102
"fullest",243,340
"fully",182,252
"fun",5726,7440
"fun-loving",247,211
"funny",1716,2344
"furniture",78,110
"further",89,186
"future",397,652
"gadgets",24,84
"gain",54,57
"gal",342,65
"galleries",79,102
"gallery",41,72
"game",651,924
"gamer",41,132
"games",1230,2061
"games<",63,187
"gaming",30,123
"garden",252,168
"gardening",204,146
"gardens",68,35
"gate",108,150
"gatherings",58,44
"gave",98,197
"gay",136,326
"gear",41,70
"geek",298,758
"geeky",162,373
"gender",205,144
"general",457,718
"generally",659,1045
"generation",88,96
"generous",350,308
"genius",42,63
"genres",46,76
"gentle",141,174
"gentleman",121,312
"gentlemen",51,53
"genuine",527,538
"genuinely",142,200
"george",30,82
"georgia",38,67
"german",100,181
"germany",125,191
"get",6206,9259
"gets",316,511
"getting",1730,2267
"giant",73,126
"giants",419,448
"gift",78,118
"gifts",66,83
"girl",2837,1219
"girlfriend",72,193
"girls",370,646
"girly",190,13
"give",1131,1619
"given",295,487
"gives",172,256
"giving",398,481
"glad",104,160
"glass",437,362
"glasses",92,105
"global",67,82
"globe",53,70
"go",4666,6489
"goal",301,546
"goals",318,492
"god",249,352
"goes",553,841
"going",4864,7184
"gold",81,109
"golden",181,259
"golf",152,382
"gone",184,276
"gonna",108,259
"good",8861,12145
"goof",44,85
"goofball",62,100
"goofy",439,555
"google",52,105
"gorgeous",76,50
"got",1295,2296
"gotta",96,173
"gotten",146,263
"government",35,81
"grab",87,151
"grabbing",53,67
"grace",78,63
"grad",363,568
"grade",99,126
"graduate",223,389
"graduated",355,631
"graduating",79,136
"grammar",142,126
"grand",77,125
"granted",68,104
"graphic",126,185
"grass",75,82
"grateful",252,191
"gratitude",66,49
"gravitate",57,76
"great",3877,5066
"greater",65,114
"greatest",159,267
"greatly",44,66
"greece",79,80
"greek",56,71
"green",237,263
"gregarious",70,95
"grew",1516,2357
"grocery",78,68
"ground",134,162
"grounded",361,272
"group",385,555
"groups",125,212
"grow",443,548
"growing",410,550
"grown",299,289
"growth",201,202
"guess",811,1396
"guide",61,91
"guilty",64,56
"guitar",263,831
"guy",1023,5921
"guys",660,856
"gym",388,750
"ha",74,131
"habit",87,114
"had",1705,2573
"haha",173,319
"hair",517,523
"half",712,993
"halloween",58,56
"hand",350,507
"handful",53,54
"handle",212,165
"hands",412,447
"handsome",62,187
"handy",52,106
"hang",791,1248
"hanging",852,1129
"hangout",32,96
"happen",385,518
"happened",72,130
"happening",66,76
"happens",309,444
"happier",127,97
"happiest",186,118
"happily",158,165
"happiness",240,319
"happy",2512,2392
"hard",1999,2924
"hard-working",62,85
"hardcore",48,92
"harder",95,190
"hardest",50,57
"hardly",72,96
"hardworking",71,101
"has",3471,4579
"hasn't",69,85
"hat",48,85
"hate",817,1001
"have",21961,28933
"haven't",628,893
"having",2074,2685
"hawaii",211,253
"he",987,1396
"he's",187,210
"head",478,750
"headed",53,104
"heading",81,103
"heads",46,65
"healing",107,74
"health",410,420
"healthy",916,1074
"hear",408,633
"heard",151,241
"hearing",181,208
"heart",1843,1772
"hearted",137,147
"hearts",66,77
"heat",43,63
"heavy",82,131
"heels",286,40
"height",48,95
"heights",49,84
"held",53,84
"hell",174,328
"hella",60,88
"hello",448,685
"help",696,1068
"helped",80,151
"helpful",46,86
"helping",289,334
"helps",145,220
"hence",78,102
"her",1049,1487
"here",4259,7220
"here?",40,95
"here's",189,381
"hero",32,77
"herself",104,171
"hey",380,765
"hi",709,1086
"hidden",92,109
"hide",55,87
"high",918,1286
"higher",60,67
"highly",214,337
"hike",636,609
"hikes",258,228
"hiking",2083,2182
"hilarious",193,185
"hill",75,151
"hills",180,213
"him",388,514
"himself",195,147
"hip",144,199
"hip-hop",45,72
"hippie",117,132
"hipster",58,115
"his",791,1257
"history",348,614
"hit",275,725
"hitting",80,158
"hmm",124,164
"hmmm",117,121
"hobbies",256,520
"hobby",105,256
"hockey",115,222
"hold",425,641
"holding",124,169
"holds",56,57
"hole",80,108
"home",2415,2738
"homebody",120,105
"homeless",53,60
"hometown",39,83
"honest",1752,2104
"honestly",233,332
"honesty",513,530
"hong",60,116
"honor",56,85
"hook",61,68
"hop",155,188
"hope",1015,1369
"hopeful",70,69
"hopefully",415,657
"hopeless",134,195
"hopes",71,115
"hoping",419,492
"horizons",44,70
"horrible",98,130
"horror",101,119
"horse",82,96
"horses",91,63
"hospital",43,61
"host",62,72
"hot",544,615
"hotel",47,71
"hour",175,206
"hours",409,707
"house",551,835
"houses",60,70
"how",3071,4433
"however",656,1003
"href=",3643,7069
"href=""",3307,6269
"href=""http:",138,347
"http:",197,588
"hug",62,53
"huge",689,905
"hugs",103,77
"human",492,722
"humanity",45,101
"humans",61,102
"humble",135,333
"humility",54,85
"humor",2310,2883
"humorous",103,210
"humour",55,70
"hungry",53,121
"hunting",45,96
"hurt",163,184
"hurts",69,46
"husband",110,40
"i?",45,96
"i'd",1919,2688
"i'll",1686,2965
"i'm",32651,45668
"i've",5759,8731
"ice",225,345
"id",48,93
"idea",470,753
"ideal",220,256
"idealist",52,72
"idealistic",52,74
"ideally",112,148
"ideas",400,695
"identify",149,128
"identity",56,84
"if",8537,12982
"ill",66,166
"im",1524,3064
"imagination",95,142
"imaginative",45,78
"imagine",203,271
"immediately",45,75
"impact",78,95
"importance",75,76
"important",2208,2327
"importantly",144,166
"impossible",84,152
"impress",44,75
"impressed",58,63
"impression",47,69
"improv",35,83
"improve",88,209
"improvement",46,67
"improving",44,71
"impulsive",78,58
"in",46047,64336
"inappropriate",104,95
"inclined",76,109
"include",383,502
"include:",66,80
"included",51,66
"includes",133,148
"including",298,418
"incredible",147,201
"incredibly",273,242
"independence",96,59
"independent",1138,723
"india",165,268
"indian",85,118
"indie",112,131
"individual",202,397
"individuals",101,108
"indoor",71,124
"indoors",79,118
"indulge",51,71
"industry",173,378
"influence",37,84
"info",50,94
"information",123,284
"inner",172,227
"inquisitive",162,216
"insane",57,64
"insatiable",51,63
"inside",260,427
"insight",40,62
"insightful",56,67
"inspiration",83,110
"inspire",118,87
"inspired",201,192
"inspires",71,50
"inspiring",80,87
"instead",279,467
"instructor",43,66
"instrument",41,66
"instruments",54,114
"integrity",318,208
"intellect",82,84
"intellectual",402,588
"intellectually",158,175
"intelligence",286,300
"intelligent",1058,1328
"intend",45,85
"intense",276,360
"intensely",50,54
"intensity",48,56
"intention",53,67
"intentions",36,66
"interact",47,63
"interaction",46,86
"interactions",48,81
"interest",414,695
"interested",1451,1856
"interesting",1173,2044
"interests",895,1320
"interests?i=art"">art<",63,99
"interests?i=camping"">camping<",39,78
"interests?i=cooking"">cooking<",46,111
"interests?i=dancing"">dancing<",97,88
"interests?i=hiking"">hiking<",74,164
"interests?i=movies"">movies<",49,125
"interests?i=music"">music<",119,198
"interests?i=photography"">photography<",38,98
"interests?i=reading"">reading<",48,80
"interests?i=travel"">travel<",99,120
"interests?i=traveling"">traveling<",47,82
"interests?i=yoga"">yoga<",56,79
"interior",69,43
"international",225,262
"internationally",51,55
"internet",281,548
"intimacy",133,187
"intimate",155,190
"intj",28,102
"into",3200,5197
"intrigued",57,84
"introduce",65,88
"introspective",134,182
"introvert",189,240
"introverted",136,197
"intuitive",130,121
"involve",93,105
"involved",267,396
"involves",119,162
"involving",51,55
"iphone",59,96
"ipod",56,60
"ireland",80,106
"irish",106,146
"ironic",46,63
"irony",44,73
"irreverent",86,124
"is",22007,30528
"island",136,194
"islands",50,60
"isn't",518,785
"israel",71,107
"issue",49,78
"issues",205,237
"it",16387,24420
"it?",77,113
"it'd",47,96
"it'll",28,93
"it's",4396,6179
"italian",195,284
"italy",228,230
"its",1109,2006
"itself",102,173
"ive",116,191
"jack",45,125
"jaded",39,65
"jam",44,65
"james",26,86
"january",58,78
"japan",150,308
"japanese",113,222
"jazz",199,308
"jealous",39,79
"jeans",215,177
"jersey",98,178
"jesus",59,58
"jewelry",72,29
"jewish",110,124
"job",1495,2287
"jobs",113,208
"jogging",66,94
"john",52,135
"join",201,247
"joined",114,193
"joke",251,485
"jokes",377,592
"joking",53,113
"jose",70,134
"journal",62,69
"journey",268,374
"joy",365,362
"joyful",79,38
"joys",64,58
"judge",190,313
"judgmental",43,72
"july",85,108
"jump",143,168
"jumping",134,115
"june",69,111
"junkie",121,174
"just",8625,13806
"justice",223,209
"karaoke",150,172
"karma",50,68
"kayaking",177,175
"keen",45,83
"keep",1609,2266
"keeping",269,388
"keeps",300,376
"kept",80,112
"key",246,334
"keys",44,61
"kick",174,302
"kicking",52,83
"kid",317,602
"kidding",66,142
"kids",815,889
"kill",66,93
"killer",50,52
"kind",2644,3160
"kinda",402,665
"kindness",288,206
"kinds",387,520
"king",44,76
"kinky",97,115
"kiss",82,160
"kisses",57,55
"kissing",101,108
"kitchen",218,224
"knew",119,180
"know",5858,8612
"know?",45,85
"knowing",233,299
"knowledge",218,378
"known",409,543
"knows",500,630
"kong",59,111
"korea",44,67
"la",443,641
"lab",80,77
"label",45,80
"labels",48,65
"lack",144,208
"ladies",73,322
"lady",387,329
"laid",632,1395
"laid-back",140,270
"lake",213,246
"lakes",69,61
"lame",49,104
"land",118,210
"landed",63,85
"lands",48,54
"landscape",40,61
"language",257,347
"languages",262,315
"large",297,482
"las",37,68
"last",1278,2019
"lasting",77,81
"lastly",39,79
"late",333,511
"lately",268,416
"later",307,519
"latest",102,141
"latin",122,167
"latter",51,87
"laugh",3562,3065
"laughing",911,662
"laughs",143,184
"laughter",498,382
"laundry",67,76
"law",210,291
"lawyer",54,74
"lay",79,97
"laying",69,97
"lazy",276,335
"lbs",20,84
"lead",233,358
"leading",47,92
"leads",100,139
"league",53,123
"lean",82,107
"learn",1290,1675
"learned",493,663
"learner",53,52
"learning",1575,1852
"least",989,1533
"leave",397,578
"leaves",74,89
"leaving",130,214
"led",76,105
"left",537,766
"legal",48,72
"legs",63,65
"less",537,897
"lessons",106,155
"let",835,1364
"let's",747,1092
"lets",213,490
"letters",67,66
"letting",86,119
"level",251,357
"levels",68,108
"liberal",273,324
"library",92,85
"license",53,78
"lie",142,239
"lies",62,82
"life",11854,15314
"life:",55,92
"life's",273,328
"lifelong",63,80
"lifestyle",362,441
"lifetime",97,124
"lift",30,71
"light",331,447
"lights",66,82
"like",17543,25906
"like-minded",61,63
"like:",120,163
"liked",82,157
"likely",277,417
"likes",760,1074
"liking",52,65
"lil",54,76
"limit",46,65
"limited",96,146
"limits",49,112
"line",300,524
"lines",90,166
"list",634,777
"listen",581,899
"listener",304,411
"listening",597,832
"lists",106,75
"literally",90,108
"literature",173,182
"little",2983,3711
"live",3843,5173
"lived",2078,2758
"lively",81,56
"lives",505,633
"living",2520,3403
"local",566,684
"locally",59,57
"location",47,64
"logic",47,81
"logical",92,120
"lol",410,648
"london",210,290
"lonely",65,82
"long",2280,3048
"long-term",182,196
"longer",192,328
"look",1280,1879
"looked",81,179
"looking",6122,8329
"looks",212,374
"loose",53,106
"los",140,239
"lose",114,210
"losing",35,77
"lost",355,543
"lot",3595,5227
"lots",771,832
"loud",337,294
"lounge",39,62
"lounging",64,52
"love",24169,22690
"love:",84,47
"loved",469,443
"lovely",176,183
"lover",671,669
"lovers",108,122
"loves",1130,1075
"loving",1692,1467
"low",293,307
"low-key",53,54
"loyal",1067,1069
"loyalty",113,167
"ltr",33,73
"luck",168,225
"luckily",42,62
"lucky",496,571
"lunch",46,121
"lying",90,99
"lyrics",51,71
"ma",55,82
"machine",43,90
"mad",126,175
"made",849,1272
"magazine",48,71
"magic",111,126
"magical",81,70
"main",146,251
"mainly",99,219
"maintain",123,169
"maintaining",55,66
"maintenance",149,90
"major",326,448
"majored",54,84
"majority",81,116
"make",4491,6137
"maker",58,92
"makes",1329,1528
"makeup",99,31
"making",1518,2230
"male",151,342
"man",1811,2236
"manage",86,152
"managed",57,123
"management",60,172
"manager",79,144
"manhattan",47,77
"manner",38,77
"manners",94,82
"many",2496,3517
"marathon",158,136
"marathons",93,51
"march",59,85
"marin",188,269
"marina",48,69
"mark",38,112
"market",215,193
"marketing",124,151
"markets",237,115
"marriage",138,158
"married",341,412
"martial",55,213
"masculine",44,183
"massachusetts",56,72
"massage",79,150
"master",74,143
"master's",73,81
"masters",129,174
"match",333,471
"mate",102,146
"material",73,116
"math",121,233
"matter",471,644
"matters",144,173
"mature",164,267
"may",1095,1694
"maybe",1067,1707
"mba",48,106
"me",19859,25065
"me:",473,442
"me?",174,211
"meal",301,324
"meals",136,160
"mean",934,1288
"meaning",207,291
"meaningful",228,282
"means",799,1101
"meant",125,170
"meantime",48,79
"measure",41,70
"meat",121,170
"mechanical",21,83
"media",145,174
"medical",103,176
"medicine",104,114
"meditate",70,78
"meditation",197,201
"medium",43,69
"meet",2998,4415
"meeting",1391,1896
"meets",58,73
"mellow",156,250
"member",58,111
"memories",108,153
"memory",51,105
"men",909,510
"mental",102,128
"mentally",90,141
"mention",168,241
"mess",66,105
"message",694,1075
"messages",144,156
"met",416,576
"metal",81,181
"mexican",108,159
"mexico",240,314
"miami",49,80
"michael",24,102
"michigan",99,131
"mid",29,72
"middle",293,435
"midwest",325,374
"midwestern",65,70
"might",1058,1657
"mile",62,68
"miles",112,266
"military",36,115
"milk",50,65
"million",63,107
"mind",1359,1871
"minded",496,805
"minds",70,89
"mine",404,558
"minnesota",37,85
"minor",66,117
"minute",183,248
"minutes",138,236
"mirror",38,65
"mischievous",46,63
"miss",476,495
"missed",68,99
"missing",146,182
"mission",183,312
"mistake",39,83
"mistakes",89,120
"mix",262,373
"mixed",118,165
"mode",32,82
"model",73,103
"moderation",46,62
"modern",156,190
"modest",49,124
"mom",432,349
"moment",708,1023
"moments",355,362
"money",322,571
"monogamous",95,117
"monogamy",44,65
"month",238,375
"months",571,859
"mood",142,203
"moon",119,121
"moral",45,67
"more",6846,10079
"morning",408,472
"mornings",91,77
"most",4190,6031
"mostly",819,1137
"mother",355,271
"motivated",232,311
"motorcycle",104,356
"motorcycles",75,198
"motto",58,89
"mountain",226,537
"mountains",381,465
"mouth",132,151
"move",562,854
"moved",2673,4487
"movement",89,107
"moves",83,110
"movie",809,1228
"movies",1888,2667
"moving",486,751
"mr",59,101
"mt",74,105
"much",4631,6702
"multiple",118,164
"mundane",68,82
"muni",58,53
"museum",140,142
"museums",527,422
"music",4185,6409
"music<",48,70
"musical",172,279
"musicals",62,58
"musician",105,473
"musicians",59,68
"must",644,701
"mutual",132,201
"my",40835,49531
"myers-briggs",43,102
"myself",5375,7426
"mysterious",38,96
"mystery",104,157
"naked",46,69
"name",1008,1751
"name's",34,94
"named",155,166
"names",96,172
"napa",105,99
"naps",59,43
"national",96,141
"native",690,800
"natural",276,362
"naturally",131,231
"nature",1344,1350
"near",418,471
"nearby",61,64
"nearly",189,290
"neat",58,98
"necessarily",171,209
"necessary",139,171
"need",1827,2350
"needed",148,218
"needs",300,390
"negative",103,120
"neighborhood",145,164
"neighborhoods",93,86
"neither",86,164
"nephew",61,49
"nephews",71,59
"nerd",488,959
"nerds",62,63
"nerdy",319,532
"nervous",63,68
"netflix",82,121
"network",86,140
"never",2258,3306
"new",9736,12611
"news",140,267
"next",1111,1359
"nice",1424,2663
"niece",66,44
"nieces",74,56
"night",1124,1531
"nights",351,398
"nine",38,79
"niners",47,83
"no",2934,4565
"nobody",36,110
"non",107,135
"non-profit",81,86
"none",86,193
"nor",166,325
"norcal",48,75
"normal",190,378
"normally",60,120
"north",187,340
"northern",241,302
"nose",53,65
"not",12948,18384
"note",205,224
"note:",106,92
"notes",35,69
"nothing",784,1182
"notice",139,216
"noticed",49,97
"novel",82,121
"novels",81,98
"now",4013,6239
"nowhere",60,89
"npr",140,129
"number",208,360
"numbers",40,69
"nurse",106,39
"nursing",77,43
"nurturing",124,76
"nut",58,107
"nutshell",70,87
"ny",236,287
"nyc",398,509
"oakland",601,736
"obscure",44,113
"observant",45,60
"obsessed",208,166
"obsession",77,83
"obvious",54,97
"obviously",81,153
"occasion",166,224
"occasional",292,435
"occasionally",332,533
"occasions",50,56
"ocean",608,498
"october",54,75
"odd",149,267
"of",41623,60039
"off",1500,2267
"offended",61,79
"offer",675,861
"offers",67,94
"office",115,231
"often",1592,2143
"oh",712,1003
"ohio",68,115
"oil",53,79
"ok",583,899
"okay",279,340
"okc",260,318
"okcupid",374,612
"old",1718,2376
"old-fashioned",55,47
"older",205,294
"on",14798,21332
"once",1550,2203
"one",5244,7695
"one's",102,168
"ones",520,718
"oneself",43,69
"online",695,903
"only",1725,2842
"onto",71,111
"open",2626,3551
"open-minded",410,544
"opened",51,66
"opening",90,154
"openly",53,56
"openness",54,84
"opera",164,124
"opinion",128,185
"opinionated",143,143
"opinions",175,251
"opportunities",200,221
"opportunity",291,442
"opposed",72,128
"opposite",69,121
"optimism",39,64
"optimist",171,182
"optimistic",440,510
"option",61,79
"options",64,88
"or",11800,16884
"orange",97,122
"order",285,400
"ordinary",61,79
"oregon",109,149
"org",37,101
"organic",113,122
"organization",52,54
"organized",148,126
"oriented",204,304
"original",88,127
"originally",889,1205
"orleans",73,91
"other",3391,5090
"other's",87,89
"others",1594,2119
"otherwise",199,380
"our",1219,1747
"ourselves",110,188
"out",10333,15601
"outdoor",402,570
"outdoors",1650,2062
"outdoorsy",203,227
"outgoing",1093,1181
"outlook",180,212
"outside",1227,1411
"outspoken",70,57
"over",2406,3496
"overall",187,228
"overly",102,150
"overseas",71,113
"owl",53,57
"own",2252,2901
"owned",41,64
"owner",50,84
"pace",63,91
"pacific",70,151
"pack",62,83
"packed",51,75
"page",116,183
"paid",59,166
"pain",84,89
"paint",193,179
"painting",247,221
"pair",111,101
"palo",50,146
"pants",92,115
"paper",138,173
"paragraph",71,145
"paragraphs",44,92
"parent",79,48
"parents",343,466
"paris",218,227
"park",593,730
"parking",61,62
"parks",207,228
"part",1495,1981
"part-time",62,71
"participate",52,70
"particular",231,366
"particularly",190,332
"parties",389,401
"partner",1221,1207
"partners",169,215
"partnership",108,68
"parts",312,410
"party",420,669
"partying",62,126
"pass",130,200
"passed",56,83
"passion",935,1294
"passionate",1906,1965
"passionately",56,56
"passions",272,386
"passport",89,74
"past",852,1138
"path",246,355
"paths",56,64
"patience",145,124
"patient",185,284
"pay",134,294
"paying",49,79
"peace",215,264
"peaceful",81,75
"penchant",59,61
"peninsula",90,137
"people",11071,14820
"people's",208,246
"peoples",36,94
"per",51,116
"perceptive",49,61
"perfect",517,661
"perfection",41,66
"perfectly",113,152
"perform",48,71
"performance",98,126
"performances",58,70
"performing",90,115
"perhaps",312,484
"period",73,93
"person",4987,5944
"personal",504,761
"personalities",51,111
"personality",629,981
"personally",105,149
"perspective",180,280
"perspectives",75,109
"peru",74,58
"pet",118,105
"pets",99,99
"phase",80,72
"phd",70,158
"philadelphia",56,104
"philosophical",97,151
"philosophy",190,446
"phone",197,228
"photo",122,159
"photographer",112,232
"photography",516,704
"photos",267,336
"phrase",44,74
"physical",385,609
"physically",313,389
"physics",58,170
"piano",163,319
"pick",185,289
"picked",67,139
"picking",50,93
"picky",95,126
"picnic",66,50
"picnics",84,46
"pics",60,136
"picture",228,309
"pictures",296,445
"pie",76,42
"piece",107,128
"pieces",77,88
"piercings",82,52
"pilates",87,22
"pink",92,41
"pizza",100,159
"place",1404,1882
"places",1864,2257
"plain",66,95
"plan",440,671
"plane",102,126
"planet",131,231
"planned",69,77
"planner",64,43
"planning",298,339
"plans",186,225
"plants",117,116
"play",2079,3721
"played",208,400
"player",85,197
"playful",548,491
"playing",1275,2468
"plays",175,213
"pleasant",41,93
"please",983,1034
"pleasure",172,255
"pleasures",157,134
"plenty",147,228
"plus",317,401
"poet",60,84
"poetry",201,218
"point",694,1109
"points",234,404
"poker",63,95
"policy",64,92
"polite",64,134
"political",213,357
"politically",142,187
"politics",403,627
"poly",158,193
"polyamorous",90,91
"pool",193,260
"poor",85,126
"pop",189,255
"popular",46,92
"portland",110,141
"position",41,87
"positive",938,1026
"possess",52,65
"possibilities",119,127
"possibility",89,91
"possible",785,1125
"possibly",202,281
"post",85,129
"pot",51,69
"potential",176,234
"power",243,282
"powerful",58,77
"ppl",45,68
"practical",163,154
"practice",371,408
"practicing",109,120
"pragmatic",51,66
"precious",62,94
"prefer",964,1237
"preferably",105,109
"preference",43,61
"prepared",59,74
"presence",71,108
"present",249,352
"pressure",67,89
"pretend",99,119
"pretentious",64,85
"pretty",3848,5480
"previous",42,105
"pride",159,248
"primarily",68,106
"primary",99,141
"priorities",56,55
"priority",117,123
"private",131,182
"pro",44,100
"probably",1371,2190
"problem",209,400
"problems",131,264
"process",239,342
"produce",57,87
"product",57,136
"production",35,120
"productive",35,79
"products",34,67
"profession",84,111
"professional",404,734
"professionally",98,150
"professor",38,73
"profile",1292,2075
"profiles",125,262
"profound",33,69
"program",152,249
"programming",23,112
"progress",169,225
"progressive",120,142
"project",132,261
"projects",208,377
"promise",147,209
"prone",58,77
"proper",60,96
"proud",293,374
"prove",74,119
"provide",56,108
"psychology",205,261
"pub",56,69
"public",304,345
"puerto",46,60
"pull",68,100
"punk",107,210
"puns",73,104
"puppies",59,53
"puppy",62,73
"pure",62,70
"purpose",100,196
"pursue",118,252
"pursuing",97,167
"pursuit",65,99
"pursuits",67,92
"push",118,175
"pushing",53,90
"put",798,1375
"puts",43,72
"putting",159,212
"puzzles",82,67
"qualities",275,322
"quality",374,461
"queen",75,55
"queer",306,156
"quest",61,92
"question",211,342
"questions",436,677
"quick",293,397
"quickly",180,280
"quiet",669,847
"quirks",49,62
"quirky",458,328
"quit",77,137
"quite",1080,1452
"quote",113,163
"quotes",53,86
"r&amp",50,69
"race",125,224
"races",45,66
"racing",54,139
"rad",60,85
"radical",71,77
"radio",103,179
"rafting",88,86
"rain",254,229
"rainy",90,90
"raise",58,79
"raised",1207,1893
"raising",78,61
"ran",86,132
"random",812,1086
"randomly",58,76
"range",171,285
"rap",53,116
"rare",142,225
"rarely",239,348
"rather",1007,1597
"rational",50,116
"raw",54,70
"reach",90,140
"read",1493,2081
"reader",127,153
"reading",1597,2020
"ready",717,643
"real",999,1507
"realist",58,77
"realistic",81,73
"reality",215,298
"realize",259,361
"realized",170,281
"realizing",53,62
"really",5957,8202
"reason",399,619
"reasonably",34,86
"reasons",137,175
"receive",63,76
"received",70,73
"recent",285,414
"recently",1445,2186
"recipe",58,62
"recipes",101,85
"recognize",57,89
"record",79,184
"records",43,108
"recovering",48,74
"red",344,317
"redwood",38,83
"redwoods",81,58
"reference",39,72
"reflect",47,61
"reflection",42,59
"reflective",46,62
"refuse",68,90
"regardless",87,124
"reggae",59,60
"regret",65,103
"regrets",54,93
"regular",211,316
"regularly",219,359
"rel=""nofollow""",132,348
"relate",68,106
"related",111,192
"relationship",1885,2197
"relationships",777,993
"relatively",151,193
"relax",253,381
"relaxed",132,325
"relaxing",273,412
"reliable",90,147
"religion",150,260
"religious",156,230
"relish",50,55
"relocated",94,115
"remain",71,144
"remember",191,336
"remind",62,64
"renaissance",44,78
"reply",65,87
"require",72,103
"required",63,82
"requires",52,109
"research",125,228
"reserved",104,186
"resident",54,81
"respect",527,705
"respectful",189,291
"respond",145,158
"response",47,75
"responsibility",59,90
"responsible",230,285
"rest",370,618
"restaurant",280,370
"restaurants",708,838
"result",107,201
"results",35,91
"retired",70,85
"return",192,285
"returned",145,146
"returning",63,57
"rewarding",81,136
"rica",96,106
"rich",123,187
"ride",526,837
"rides",148,193
"ridiculous",203,254
"ridiculously",73,68
"riding",456,678
"right",2060,3106
"right?",203,338
"rights",95,101
"risk",106,126
"risks",58,86
"river",120,141
"road",659,797
"rock",721,1195
"rocks",86,111
"role",80,107
"roll",121,212
"roller",106,83
"rolling",59,77
"romance",200,263
"romantic",785,1122
"room",340,393
"roommates",50,63
"root",37,67
"roots",165,172
"roses",60,45
"rough",84,116
"round",90,115
"rounded",45,94
"routine",87,129
"rude",67,64
"rule",96,138
"rules",79,148
"run",707,993
"runner",68,84
"running",1017,1235
"runs",95,137
"rural",62,100
"rush",92,116
"russia",54,60
"russian",86,96
"sacramento",59,106
"sad",123,167
"sadly",61,66
"safe",83,133
"said",854,1282
"sail",69,111
"sailing",165,293
"sailor",54,47
"sake",66,106
"sales",81,107
"salsa",217,198
"salt",46,67
"same",1579,2090
"san",3141,5035
"sand",69,58
"sane",88,118
"santa",221,353
"sarcasm",319,353
"sarcastic",951,1089
"sassy",267,35
"satisfaction",43,69
"satisfied",48,87
"satisfying",64,82
"saturday",115,132
"save",179,242
"saving",54,57
"saw",91,195
"say",3001,4327
"say?",57,75
"saying",285,448
"says",289,434
"scare",57,61
"scared",84,131
"scary",88,94
"scene",243,400
"scenery",55,83
"schedule",164,176
"school",2083,3274
"schools",58,71
"sci-fi",72,131
"science",427,964
"sciences",42,87
"scientific",49,91
"scientist",71,197
"scrabble",108,77
"scratch",60,86
"screen",80,178
"scuba",191,234
"sea",134,166
"search",190,287
"searching",147,206
"season",177,194
"seasons",46,60
"seat",49,80
"seattle",156,290
"second",306,489
"secret",107,160
"secretly",70,88
"secrets",42,63
"section",111,219
"secure",122,133
"security",32,80
"see",2959,4224
"seeing",618,764
"seek",247,353
"seeker",73,88
"seeking",402,501
"seeks",61,94
"seem",453,724
"seemed",37,69
"seemingly",37,79
"seems",405,738
"seen",257,463
"sees",50,59
"self",808,1237
"self-aware",71,72
"self-summaries",37,71
"self-summary",148,255
"selfish",38,76
"sell",48,96
"semester",50,64
"send",259,482
"sense",2302,2914
"senses",64,69
"sensitive",350,369
"sensual",246,211
"sent",36,69
"sentence",81,128
"sentences",95,141
"september",53,83
"serial",51,57
"series",89,160
"serious",1106,1542
"seriously",981,1376
"serve",43,76
"service",97,164
"set",278,499
"setting",84,136
"settle",180,220
"settled",103,164
"settling",66,102
"seven",89,131
"several",366,590
"sex",431,677
"sexual",169,197
"sexuality",98,75
"sexually",38,71
"sexy",514,425
"sf",2284,3429
"sfsu",51,93
"shake",55,70
"shall",67,117
"shallow",42,75
"shape",157,414
"shaped",49,58
"share",1642,1967
"shared",133,192
"shares",168,154
"sharing",415,474
"sharks",88,119
"sharp",124,156
"she",836,1258
"she's",177,187
"shell",63,71
"shirt",42,93
"shit",242,491
"shoes",250,187
"shoot",85,174
"shooting",74,140
"shop",167,223
"shopping",320,190
"shops",107,121
"shore",40,64
"short",789,1180
"shot",147,264
"should",1298,2088
"shoulders",63,80
"shouldn't",79,140
"show",630,936
"shower",87,130
"showing",55,91
"shows",660,944
"shut",48,94
"shy",1032,1200
"siblings",56,54
"sick",104,113
"side",1112,1413
"sides",80,113
"sight",57,71
"sign",115,130
"signed",41,67
"significant",83,138
"silence",98,108
"silicon",32,131
"silliness",90,49
"silly",1079,817
"similar",328,453
"simple",846,1232
"simplicity",55,74
"simply",249,420
"simultaneously",50,57
"since",1289,2203
"sincere",231,341
"sincerity",47,61
"sing",455,377
"singapore",34,72
"singer",95,110
"singing",411,303
"single",729,1008
"sister",231,170
"sisters",78,106
"sit",251,389
"site",544,905
"sites",75,147
"sitting",304,426
"situation",335,447
"situations",279,344
"six",168,279
"size",74,86
"skating",47,67
"skeptical",42,80
"ski",189,273
"skiing",391,554
"skill",80,79
"skills",253,329
"skin",192,187
"skinny",59,87
"skip",55,57
"sky",116,162
"skydiving",96,132
"sleep",315,428
"sleeping",191,205
"sleeve",93,80
"slight",38,65
"slightly",244,253
"slow",197,246
"slowly",128,191
"small",972,1325
"smaller",31,78
"smart",1267,1426
"smell",270,231
"smells",64,49
"smile",790,931
"smiles",96,107
"smiling",178,185
"smoke",165,315
"smoking",70,107
"snarky",72,62
"snob",61,93
"snow",235,275
"snowboard",91,180
"snowboarding",271,604
"so",10052,13772
"soaking",64,37
"socal",107,154
"soccer",306,586
"sociable",56,77
"social",1394,1537
"socializing",76,98
"socially",156,240
"society",110,214
"sociology",57,61
"socks",82,66
"soft",222,214
"softball",86,116
"software",64,455
"sold",36,79
"solid",170,201
"solo",81,85
"solve",37,85
"solving",31,93
"some",5415,8538
"somebody",121,298
"someday",202,255
"somehow",158,242
"someone",6458,7463
"someone's",61,83
"something",2674,4350
"sometime",81,176
"sometimes",2205,2884
"somewhat",376,597
"somewhere",358,517
"son",248,283
"song",236,268
"songs",144,239
"sonoma",77,80
"soon",443,680
"sophisticated",80,69
"sorry",247,306
"sort",424,614
"sorts",170,275
"soul",562,591
"sound",412,532
"sounding",60,87
"sounds",307,502
"source",55,96
"south",516,804
"southern",342,419
"space",308,428
"spaces",80,67
"spain",185,195
"spanish",255,241
"spare",160,252
"spark",100,108
"speak",452,674
"speaking",154,238
"special",729,1012
"specific",96,132
"specifically",59,117
"spectrum",80,73
"speed",57,88
"spell",87,84
"spelling",78,84
"spend",1758,2190
"spending",1063,1049
"spent",957,1497
"spice",56,62
"spicy",87,78
"spiders",61,43
"spin",49,64
"spirit",441,342
"spirited",113,81
"spiritual",506,476
"spirituality",120,126
"spiritually",78,95
"spoken",50,74
"spontaneity",188,164
"spontaneous",837,878
"sport",152,302
"sporting",131,126
"sports",1104,2416
"spot",165,205
"spots",135,141
"spread",39,63
"spring",81,114
"springs",67,80
"square",41,66
"st",71,100
"stable",158,262
"stage",130,198
"stand",340,475
"stand-up",37,68
"standard",55,95
"standards",74,82
"standing",73,103
"stands",64,72
"stanford",63,173
"star",163,215
"staring",44,84
"stars",140,203
"start",857,1356
"start-up",44,90
"started",488,926
"starting",275,454
"starts",42,103
"startup",65,284
"state",374,586
"statement",49,70
"states",211,359
"status",62,103
"stay",809,1305
"stayed",76,107
"staying",521,701
"steady",45,71
"step",157,249
"stick",128,193
"still",2661,3564
"stimulating",119,149
"stint",101,111
"stone",38,68
"stop",418,583
"stopped",42,90
"stopping",83,117
"store",158,199
"stores",120,99
"stories",506,646
"story",350,570
"straight",303,466
"straightforward",81,99
"strange",177,296
"stranger",69,95
"strangers",216,260
"streak",129,106
"street",340,430
"streets",95,126
"strength",88,108
"stress",95,165
"strike",53,63
"strive",220,326
"striving",60,71
"strong",965,1030
"stronger",61,56
"strongly",108,159
"struggle",58,87
"stubborn",133,114
"stuck",120,211
"student",518,798
"students",93,88
"studied",273,449
"studies",141,166
"studio",94,129
"study",221,315
"studying",327,422
"stuff",1006,1884
"stupid",154,281
"style",281,418
"subject",77,170
"subjects",41,125
"subtle",36,80
"suburbs",47,80
"succeed",33,84
"success",92,211
"successful",233,412
"such",618,970
"suck",104,189
"sucker",122,135
"sucks",50,87
"sugar",71,67
"suggest",55,69
"suggestions",47,57
"suit",56,134
"suits",33,76
"sum",130,203
"summaries",51,88
"summarize",165,245
"summary",239,445
"summer",615,785
"summers",69,91
"sums",62,80
"sun",470,496
"sunday",238,204
"sundays",64,60
"sunny",307,255
"sunset",120,130
"sunsets",78,66
"sunshine",275,141
"super",646,637
"support",242,275
"supportive",188,151
"suppose",172,302
"supposed",102,168
"sure",956,1429
"surf",126,240
"surface",54,97
"surfing",168,434
"surprise",127,142
"surprised",91,151
"surprises",89,82
"surprising",46,76
"surprisingly",54,69
"surround",194,156
"surrounded",170,148
"surrounding",73,67
"surroundings",58,86
"sushi",113,168
"sustainable",63,60
"swear",98,138
"sweat",91,108
"sweet",990,670
"swim",213,226
"swimming",510,473
"swing",108,138
"switch",55,58
"switzerland",39,71
"symphony",78,103
"system",92,149
"systems",33,92
"t-shirt",67,78
"table",145,185
"tahoe",244,351
"take",3137,4183
"taken",333,484
"takes",441,561
"taking",1131,1364
"talent",53,80
"talented",68,117
"talents",41,63
"talk",1311,1966
"talkative",87,132
"talking",742,1144
"talks",63,106
"tall",315,488
"tango",65,58
"task",32,72
"taste",222,307
"tastes",97,192
"tasting",225,159
"tasty",56,129
"tattoo",71,77
"tattoos",278,252
"taught",191,250
"tea",279,260
"teach",367,441
"teacher",352,306
"teaching",274,350
"team",220,318
"teams",67,118
"tears",56,70
"tech",182,568
"technical",41,118
"technology",160,557
"teeth",73,102
"television",102,179
"tell",1056,1682
"telling",160,239
"tells",66,110
"ten",125,208
"tend",1137,1676
"tendencies",78,60
"tendency",80,115
"tender",54,56
"tends",86,135
"tennis",372,645
"tent",59,50
"term",289,465
"terms",133,185
"terrible",180,273
"terribly",58,75
"test",120,184
"tests",45,81
"texas",150,257
"text",96,167
"thai",79,119
"thailand",142,172
"than",3572,5433
"thank",168,190
"thankful",87,89
"thanks",282,419
"that",21923,32342
"that?",48,90
"that's",1543,2592
"thats",141,342
"the",67313,96945
"theater",421,406
"theatre",237,187
"their",1664,2240
"them",2670,3864
"theme",49,74
"themselves",397,586
"then",2208,3843
"theory",69,152
"therapist",81,83
"therapy",74,57
"there",3606,5546
"there's",729,1244
"therefore",101,116
"these",1347,2092
"they",2764,4056
"they're",295,443
"they've",40,61
"thick",53,59
"thin",38,72
"thing",1757,2674
"things",8940,11694
"things:",63,95
"think",4367,6385
"thinker",128,190
"thinking",564,798
"thinks",147,163
"third",114,166
"this",7722,11549
"this:",38,77
"thoroughly",71,77
"those",1716,2507
"though",1784,2739
"thought",582,930
"thoughtful",512,577
"thoughts",175,286
"three",597,881
"thrift",77,53
"thrill",48,84
"thrive",136,108
"through",1531,2158
"throughout",119,174
"throw",182,239
"throwing",64,108
"thrown",56,73
"thus",117,148
"tick",55,64
"ticket",39,69
"tickets",38,70
"tie",32,96
"tight",36,72
"till",72,151
"time",9117,12654
"times",1563,2300
"tiny",121,108
"tired",147,205
"to",87550,120435
"today",178,274
"toes",113,77
"together",1045,1233
"tokyo",29,85
"told",685,974
"tolerance",67,70
"tolerant",52,64
"tolerate",51,60
"tom",49,62
"tomboy",142,3
"tomorrow",66,90
"ton",103,158
"tons",90,124
"too",4012,5524
"took",310,493
"tools",63,93
"top",325,550
"topic",58,116
"topics",96,165
"total",267,267
"totally",460,526
"touch",259,351
"tough",188,275
"tour",77,114
"tourist",59,57
"toward",140,231
"towards",288,493
"town",637,907
"towns",47,56
"track",82,141
"trade",94,156
"trades",22,81
"traditional",138,136
"traffic",37,78
"trail",134,174
"trails",115,128
"train",105,175
"trained",51,109
"training",188,288
"trait",38,71
"traits",122,166
"transition",57,54
"transplant",274,379
"transportation",53,79
"travel",3141,3276
"traveled",592,764
"traveler",150,202
"traveling",1835,1983
"travelled",96,137
"travelling",155,233
"travels",71,103
"treasure",75,86
"treat",240,389
"treated",103,133
"treating",40,66
"tree",124,129
"trees",200,199
"tried",246,352
"tries",39,104
"trip",648,704
"trips",720,805
"trivia",85,106
"tropical",73,72
"trouble",166,257
"truck",68,91
"trucks",45,58
"true",755,986
"truly",534,550
"trust",322,459
"trusting",64,66
"trustworthy",135,175
"truth",278,365
"try",3546,5211
"trying",2476,3522
"tumblr",59,72
"tune",44,64
"turkey",66,59
"turn",372,532
"turned",206,322
"turning",68,119
"turns",143,202
"tv",611,910
"twenty",24,90
"twice",162,267
"twin",57,81
"twitter",31,71
"two",1660,2446
"type",837,1391
"types",336,505
"typical",175,329
"typically",103,155
"uc",130,304
"uk",54,117
"ultimate",97,150
"ultimately",142,199
"um",48,78
"uncomfortable",71,90
"unconventional",74,94
"under",368,465
"undergrad",107,170
"understand",422,696
"understanding",254,401
"understands",56,77
"unexpected",87,68
"unfortunately",113,169
"unique",282,483
"united",57,99
"universe",128,241
"university",200,406
"unknown",68,90
"unless",283,483
"until",597,977
"unusual",86,119
"up",7978,11407
"upbeat",113,114
"upbringing",48,67
"update",115,211
"update:",85,134
"upon",149,257
"ups",56,80
"upset",52,65
"upstate",36,76
"urban",272,266
"us",1041,1642
"usa",47,86
"use",614,1037
"used",709,1128
"useful",41,92
"useless",34,95
"user",47,105
"username",78,84
"using",207,337
"usual",77,119
"usually",1156,1796
"vacation",163,177
"vacations",82,87
"valley",142,325
"valuable",43,69
"value",780,833
"values",423,442
"varied",78,109
"variety",293,415
"various",226,415
"vast",50,76
"vegan",130,167
"vegas",101,159
"vegetables",50,59
"vegetarian",179,186
"venture",47,86
"venues",95,83
"version",86,120
"very",6447,8464
"via",104,155
"vibe",63,63
"vibrant",70,55
"vice",43,77
"video",359,961
"videos",40,97
"vietnam",51,58
"view",263,443
"views",151,181
"vintage",129,107
"virginia",48,89
"vision",59,89
"visit",431,488
"visited",98,162
"visiting",201,260
"visual",101,156
"voice",94,191
"volleyball",116,141
"volunteer",227,199
"volunteering",135,102
"vs",62,67
"vulnerable",69,48
"wait",327,457
"waiting",129,209
"wake",148,204
"waking",64,85
"walk",626,734
"walked",38,86
"walking",721,690
"walks",526,573
"wall",102,186
"wander",52,74
"wandering",123,155
"wanderlust",54,48
"wanna",232,371
"want",4869,6266
"wanted",303,525
"wanting",137,175
"wants",570,624
"war",42,78
"warm",866,675
"warmth",71,61
"warriors",39,102
"wars",36,69
"was",4692,7982
"washington",115,152
"wasn't",159,251
"waste",167,219
"watch",970,1397
"watched",46,93
"watching",1614,1950
"water",759,734
"wave",53,68
"waves",84,102
"way",3126,4510
"ways",585,713
"we",3726,5775
"we'd",59,95
"we'll",180,357
"we're",294,575
"we've",77,132
"weakness",74,79
"wear",480,495
"wearing",180,193
"weather",391,508
"web",72,256
"website",122,217
"weed",49,78
"week",609,1055
"weekend",482,618
"weekends",393,635
"weeks",176,290
"weight",63,133
"weird",392,577
"welcome",214,276
"well",3514,5619
"well-rounded",45,58
"went",868,1516
"were",680,1145
"west",438,640
"western",55,104
"wet",40,64
"what",6353,9274
"what's",362,539
"whatever",565,925
"whats",46,101
"when",6020,8471
"whenever",289,438
"where",2363,3317
"wherever",119,156
"whether",642,878
"which",2176,3246
"while",2057,3094
"whim",50,58
"whiskey",128,173
"white",305,470
"who",12043,13114
"who's",373,562
"whole",634,882
"whom",366,430
"whose",117,166
"why",864,1506
"wicked",92,97
"wide",199,298
"wife",39,157
"wikipedia",33,110
"wild",270,342
"wilderness",61,121
"will",4532,6057
"willing",612,770
"win",112,178
"wind",92,141
"window",70,99
"windows",57,48
"wine",1550,1384
"winning",43,59
"winter",194,319
"winters",37,66
"wisconsin",44,72
"wisdom",100,117
"wise",123,179
"wish",463,557
"wit",300,373
"with",24291,31170
"within",283,413
"without",1063,1508
"witty",629,762
"woman",1343,1759
"women",497,1332
"won",72,101
"won't",569,797
"wonder",191,292
"wonderful",686,651
"wondering",87,145
"wont",61,115
"wood",42,90
"woods",163,191
"word",404,578
"words",733,1121
"work",4876,7699
"workaholic",74,80
"worked",449,772
"worker",98,142
"working",2114,3723
"workout",104,206
"works",296,467
"world",3403,4661
"world's",34,68
"worldly",45,78
"worlds",63,99
"worry",149,242
"worse",51,129
"worst",99,161
"worth",264,462
"would",5315,6765
"wouldn't",333,518
"wow",89,138
"write",967,1539
"writer",259,347
"writing",958,1328
"written",126,232
"wrong",344,577
"wrote",135,194
"www",230,688
"ya",100,202
"yard",52,72
"yeah",250,491
"year",2217,3035
"years",4537,6738
"yellow",58,52
"yes",697,979
"yet",1269,1638
"yo",37,89
"yoga",1111,656
"york",488,700
"yorker",113,96
"yosemite",85,106
"you",16380,25326
"you:",85,80
"you?",146,191
"you'd",181,335
"you'll",516,769
"you're",1269,2076
"you've",252,421
"young",519,749
"younger",183,307
"youngest",55,57
"your",3220,4716
"yours",144,160
"yourself",560,824
"youth",108,133
"youthful",67,67
"youtube",118,341
"yrs",76,111
"yummy",76,38
"zealand",93,93
"zero",39,69
"zombie",31,75
"zone",108,147
